,mape,rmse,smape,mae
mlforecast_lr,0.9428553517253739,3037.306377621243,0.9512574821080224,2595.4714274594867
auto.arima,1.0163734294069178,3221.0277152566314,1.0272956566246951,2702.7129461888694
random_walk_with_drift,2.7079860924293864,8624.853104837039,2.77413762939275,7848.350903465347
naive,3.161104230524052,9842.39260886537,3.245135041684277,8967.523102310231
ses_alpha-0.9,3.2784546887876336,10145.079944020852,3.367733624791795,9296.871024752476
prophet,4.26159267025404,13491.568388053642,4.424652607221935,12429.364069275669
window_average_window_size-4,4.662784213320769,13707.709446250698,4.827229876652875,13079.987761276128
seasonal_naive_season_length-12,10.752652752798781,28986.91906966767,11.538913308908485,28783.919691969197
historic_average,27.053283175757837,68887.36989977691,32.008035477426915,68741.67935203521
